Time,Acceleration
0.0,0.32657360051737305
0.01001001001001001,0.35306304465109717
0.02002002002002002,0.2602194315780871
0.03003003003003003,0.6971834162229849
0.04004004004004004,1.1782642986656502
0.050050050050050046,1.4049324480761565
0.06006006006006006,0.683664384543911
0.07007007007007007,0.5166682854350292
0.08008008008008008,0.7549589975878714
0.09009009009009009,0.11033769023324921
0.10010010010010009,0.14748143255820492
0.11011011011011011,-0.4620852061515537
0.12012012012012012,-0.9092964918367126
0.13013013013013014,-0.9865119623857328
0.14014014014014015,-0.8931830723554548
0.15015015015015015,-1.0812350251506782
0.16016016016016016,-0.513274312985768
0.17017017017017017,-0.5107733863941728
0.18018018018018017,-0.6691625459729428
0.19019019019019018,-0.22775060485761967
0.20020020020020018,0.3606393841242806
0.21021021021021022,0.5310211730132042
0.22022022022022023,0.5537508223610145
0.23023023023023023,0.6625569577130032
0.24024024024024024,1.0014904538384972
0.2502502502502503,0.7711010726924347
0.2602602602602603,1.4064919498292656
0.2702702702702703,1.409280541346091
0.2802802802802803,1.0249288959951743
0.2902902902902903,0.3019141867801215
0.3003003003003003,0.26003092841874603
0.3103103103103103,-0.27164807536231045
0.3203203203203203,-0.4768165387298683
0.3303303303303303,-0.4773266629526009
0.34034034034034033,-0.5521311780023022
0.35035035035035034,-0.6811499156426097
0.36036036036036034,-1.1105182718003357
0.37037037037037035,-1.0928291879860097
0.38038038038038036,-0.43669014057069266
0.39039039039039036,-0.8854955823743629
0.40040040040040037,0.04499158366892199
0.41041041041041043,0.1274784053362045
0.42042042042042044,0.6794132740456492
0.43043043043043044,0.5779960908224351
0.44044044044044045,0.9088005297470756
0.45045045045045046,0.7633061727559124
0.46046046046046046,0.9717895105324219
0.47047047047047047,0.825095055784225
0.4804804804804805,0.856713531222101
0.4904904904904905,0.534666721021243
0.5005005005005005,0.17028583258710034
0.5105105105105106,-0.3385343845276717
0.5205205205205206,-0.5107225155308636
0.5305305305305306,-0.6324143103412981
0.5405405405405406,-1.3754920075030954
0.5505505505505506,-1.1159590495132847
0.5605605605605606,-0.6156022138562507
0.5705705705705706,-0.7602918352219679
0.5805805805805806,-0.7103102620383366
0.5905905905905906,-0.6611658576265009
0.6006006006006006,0.32229159436963234
0.6106106106106106,0.7288636501468531
0.6206206206206206,0.4007478987811993
0.6306306306306306,0.1704760011814177
0.6406406406406406,0.6112671590540286
0.6506506506506506,1.2972625981411872
0.6606606606606606,1.121850046092359
0.6706706706706707,0.577123373645909
0.6806806806806807,0.6556165790179356
0.6906906906906907,0.43687102199782957
0.7007007007007007,0.093542504667748
0.7107107107107107,-0.11748940112631592
0.7207207207207207,-0.22850250522703636
0.7307307307307307,-0.4901604468072364
0.7407407407407407,-0.38234700254260257
0.7507507507507507,-0.9269985211223565
0.7607607607607607,-1.4182507064084666
0.7707707707707707,-0.9236936141036751
0.7807807807807807,-0.6032472452529211
0.7907907907907907,-0.6942435112723027
0.8008008008008007,-0.5852892321291346
0.8108108108108109,0.7661312069627266
0.8208208208208209,0.6264891116195423
0.8308308308308309,0.6736787184877409
0.8408408408408409,1.0116324906646508
0.8508508508508509,0.5883943061573438
0.8608608608608609,1.2001901025901545
0.8708708708708709,0.9544265669291057
0.8808808808808809,0.6378249394428995
0.8908908908908909,0.03785628029108956
0.9009009009009009,0.30512200194274414
0.9109109109109109,-0.21535733588377393
0.9209209209209209,-0.46018877041417594
0.9309309309309309,-0.40165485059393236
0.9409409409409409,-0.9703956257083279
0.950950950950951,-1.2458775864041434
0.960960960960961,-0.481391928524765
0.970970970970971,-0.4149065688162477
0.980980980980981,-1.3286776584511513
0.990990990990991,-0.803710112587265
1.001001001001001,0.2357962999609307
1.011011011011011,0.3293836923414298
1.021021021021021,0.8640223700015741
1.031031031031031,0.7841709127814436
1.0410410410410411,1.3416898605732046
1.0510510510510511,0.2584414259891936
1.0610610610610611,0.45808310736533786
1.0710710710710711,0.8130415029631409
1.0810810810810811,0.5240883153387386
1.0910910910910911,0.5452126476648731
1.1011011011011012,0.3315454063416896
1.1111111111111112,-0.04645934280043368
1.1211211211211212,-0.9768982700521054
1.1311311311311312,-0.9397547943218908
1.1411411411411412,-0.39857045495080956
1.1511511511511512,-0.4108209898486538
1.1611611611611612,-1.136213756217785
1.1711711711711712,-0.3581965430429661
1.1811811811811812,-0.4675877362044485
1.1911911911911912,-0.6904133838302946
1.2012012012012012,-0.07652205466989945
1.2112112112112112,0.4707866355528658
1.2212212212212212,0.22088525099583733
1.2312312312312312,1.0888278710279289
1.2412412412412412,0.7697939389462369
1.2512512512512513,0.7180997104257132
1.2612612612612613,0.6833559353179715
1.2712712712712713,1.1357763672238184
1.2812812812812813,0.7743323442777968
1.2912912912912913,0.26614854283297984
1.3013013013013013,-0.12943528679398245
1.3113113113113113,-0.25655611718562993
1.3213213213213213,-0.47819154152675813
1.3313313313313313,-0.8796480096978457
1.3413413413413413,-0.7580610050138414
1.3513513513513513,-1.2587726684484477
1.3613613613613613,-0.7849085515436808
1.3713713713713713,-1.1404912653897301
1.3813813813813813,-0.8442774885551663
1.3913913913913913,-0.2754513106316326
1.4014014014014013,0.4245575612385145
1.4114114114114114,0.6930876884334978
1.4214214214214214,0.6037624500008082
1.4314314314314314,0.9373501597929549
1.4414414414414414,1.0474678318683275
1.4514514514514514,1.0951750022214273
1.4614614614614614,0.803852839673582
1.4714714714714714,0.5980616855095776
1.4814814814814814,0.5305878673150863
1.4914914914914914,0.30044495205453703
1.5015015015015014,-0.16454577872533802
1.5115115115115114,0.2878850405636878
1.5215215215215214,-0.6594949358785555
1.5315315315315314,-1.0673344034780174
1.5415415415415414,-1.0923649218604015
1.5515515515515514,-1.38722680613936
1.5615615615615615,-0.976380912393596
1.5715715715715715,-1.0460617578298141
1.5815815815815815,-0.556512241492013
1.5915915915915915,-0.8129252686880357
1.6016016016016015,-0.021802702870153574
1.6116116116116117,0.8474694049424747
1.6216216216216217,1.140995396467516
1.6316316316316317,0.8962100516894225
1.6416416416416417,1.4644635460457374
1.6516516516516517,0.863547673706933
1.6616616616616617,0.8210697291990197
1.6716716716716717,0.6248255867759435
1.6816816816816818,0.7028925387066478
1.6916916916916918,0.2641778049360369
1.7017017017017018,0.4800510401203043
1.7117117117117118,0.38237999934804284
1.7217217217217218,-0.4764150137611741
1.7317317317317318,-0.6484769217983477
1.7417417417417418,-0.9213429968740825
1.7517517517517518,-1.1475008709831358
1.7617617617617618,-0.4893933007944901
1.7717717717717718,-1.1749550158922017
1.7817817817817818,-0.8917388438058722
1.7917917917917918,-0.6767005173374058
1.8018018018018018,0.1553577062703469
1.8118118118118118,-0.2535741540720195
1.8218218218218218,0.4714450813292098
1.8318318318318318,0.46927466084703356
1.8418418418418419,0.7202963064642967
1.8518518518518519,1.1427823343639565
1.8618618618618619,1.124574220483978
1.8718718718718719,0.35873967125364176
1.8818818818818819,0.5490768246209247
1.8918918918918919,0.2989345542402728
1.901901901901902,0.09405507811350827
1.911911911911912,-0.13215326132199262
1.921921921921922,-0.9633620779897922
1.931931931931932,-0.9860301584351487
1.941941941941942,-0.8755282044775645
1.951951951951952,-0.43317531441676693
1.961961961961962,-0.6815490817163268
1.971971971971972,-1.208637041091185
1.981981981981982,-0.25355051474715795
1.991991991991992,-0.5304710857825861
2.002002002002002,0.1776157167812818
2.012012012012012,-0.07975446849678358
2.022022022022022,0.6183631894174418
2.032032032032032,1.3013642297211727
2.042042042042042,0.9854432512893494
2.052052052052052,1.2569883771096786
2.062062062062062,1.1692938111273585
2.0720720720720722,0.9509772737430431
2.0820820820820822,0.008787360562600766
2.0920920920920922,-0.1177781843498612
2.1021021021021022,0.1593983598120201
2.1121121121121122,-0.728855611850324
2.1221221221221223,-0.8146685791561311
2.1321321321321323,-0.7340288749526902
2.1421421421421423,-0.9342140445584164
2.1521521521521523,-1.5102655468913202
2.1621621621621623,-1.1642594903385262
2.1721721721721723,-1.1094610234599853
2.1821821821821823,-0.10015705931464336
2.1921921921921923,-0.17476701918720025
2.2022022022022023,0.25865408177057037
2.2122122122122123,0.3538052917003125
2.2222222222222223,0.732175926894576
2.2322322322322323,1.1823152075996983
2.2422422422422423,0.8294650679271829
2.2522522522522523,0.6028953316464325
2.2622622622622623,0.803972977583164
2.2722722722722724,0.3761416184202762
2.2822822822822824,0.7894623311723432
2.2922922922922924,-0.4247927708196588
2.3023023023023024,-0.27114346599069344
2.3123123123123124,-0.5032188251995691
2.3223223223223224,-0.7598791281456858
2.3323323323323324,-0.6673109178127089
2.3423423423423424,-1.3537912646992551
2.3523523523523524,-0.9937267380696455
2.3623623623623624,-1.259503970202785
2.3723723723723724,-0.9105201392240422
2.3823823823823824,-0.6777052785925037
2.3923923923923924,-0.25117246403470017
2.4024024024024024,-0.27448924456932117
2.4124124124124124,0.2745772139134708
2.4224224224224224,0.16978139382654484
2.4324324324324325,1.1055222894787518
2.4424424424424425,0.9743151447491724
2.4524524524524525,1.5894785818466277
2.4624624624624625,1.1697000440425165
2.4724724724724725,0.2267310189421925
2.4824824824824825,0.87128585807555
2.4924924924924925,0.38253323068539746
2.5025025025025025,0.13362185489198203
2.5125125125125125,-0.4590031214296841
2.5225225225225225,-0.8946298135925901
2.5325325325325325,-0.838501141430122
2.5425425425425425,-0.5910774238945862
2.5525525525525525,-0.972740066142354
2.5625625625625625,-0.4245923887101106
2.5725725725725725,-1.2895587705576534
2.5825825825825826,-0.40474814276009186
2.5925925925925926,-0.07564773919246204
2.6026026026026026,-0.001346509123930889
2.6126126126126126,0.4301246582181248
2.6226226226226226,0.5122172365412829
2.6326326326326326,0.6164772120257355
2.6426426426426426,1.2389351879974506
2.6526526526526526,1.2077621523377138
2.6626626626626626,1.3244235702833151
2.6726726726726726,1.5153403439889548
2.6826826826826826,0.8349036564965475
2.6926926926926926,-0.5706564653044063
2.7027027027027026,-0.32517053859893
2.7127127127127126,-0.019043282478906243
2.7227227227227226,-0.5353703526183541
2.7327327327327327,-1.348224392937932
2.7427427427427427,-0.6241554973278394
2.7527527527527527,-0.9216202984895066
2.7627627627627627,-1.3252669330428168
2.7727727727727727,-0.35327745210795763
2.7827827827827827,-0.5145715107481235
2.7927927927927927,-0.49387985653435235
2.8028028028028027,-0.08087396183877248
2.8128128128128127,-0.016846692447052947
2.8228228228228227,0.8109324620063384
2.8328328328328327,1.2294882141959322
2.8428428428428427,1.1282276881130486
2.8528528528528527,1.0162039966420973
2.8628628628628627,1.2923555386250454
2.8728728728728727,1.4033557930495704
2.8828828828828827,0.5807458149949157
2.8928928928928928,-0.0513074451300822
2.9029029029029028,-0.5374012264813804
2.9129129129129128,-0.8462830224252642
2.9229229229229228,-1.2740461836087023
2.932932932932933,-1.2392489825385407
2.942942942942943,-0.6449425897727878
2.952952952952953,-1.5045585609328358
2.962962962962963,-1.0022077464842836
2.972972972972973,-0.7147642878012085
2.982982982982983,-0.8271827923175477
2.992992992992993,0.4489006708683745
3.003003003003003,0.22862054039757748
3.013013013013013,0.8562158418455217
3.023023023023023,0.15413747197707028
3.033033033033033,1.451527317383779
3.043043043043043,1.4323079636225047
3.053053053053053,0.9040609087695957
3.063063063063063,0.9767935762016167
3.073073073073073,0.8983316173395666
3.083083083083083,-0.10227325213793703
3.093093093093093,0.965951475312336
3.103103103103103,-0.21138949736685195
3.113113113113113,-0.638532660591769
3.123123123123123,-0.9153933000568326
3.133133133133133,-0.22938445998241586
3.143143143143143,-0.8167354645843566
3.153153153153153,-1.5091784693764105
3.163163163163163,-0.554916008331634
3.173173173173173,-0.8976685617322768
3.183183183183183,-0.4978538727150705
3.193193193193193,-0.2735705876422786
3.203203203203203,0.4069590564721086
3.2132132132132134,0.21199706165296645
3.2232232232232234,0.9805351672454081
3.2332332332332334,0.9450368371479086
3.2432432432432434,0.8061848952501258
3.2532532532532534,0.8544189364718597
3.2632632632632634,0.8378873643422536
3.2732732732732734,0.44889839690500327
3.2832832832832834,-0.008640511669476214
3.2932932932932935,0.43796596661663156
3.3033033033033035,-0.17274689240625118
3.3133133133133135,-0.34333974505710413
3.3233233233233235,-0.9281522408970198
3.3333333333333335,-0.9755560370519261
3.3433433433433435,-1.0632185718673057
3.3533533533533535,-0.6810742639308701
3.3633633633633635,-0.7300402860038405
3.3733733733733735,-1.2115208400735265
3.3833833833833835,-0.4022911077320345
3.3933933933933935,-0.1379737300279596
3.4034034034034035,-0.05630730381844892
3.4134134134134135,0.4020090309664727
3.4234234234234235,0.98048514760539
3.4334334334334335,1.1166298422165348
3.4434434434434436,0.4583439838012563
3.4534534534534536,1.106620153823036
3.4634634634634636,0.9400528843908933
3.4734734734734736,0.7639672907865827
3.4834834834834836,0.4295773207065069
3.4934934934934936,0.5648916763015062
3.5035035035035036,0.16370040153396706
3.5135135135135136,-0.450327184578939
3.5235235235235236,-0.8139661889578482
3.5335335335335336,-1.0559560086752688
3.5435435435435436,-0.7964432382706402
3.5535535535535536,-1.318496179155259
3.5635635635635636,-1.0111422595639932
3.5735735735735736,-1.0683791979357518
3.5835835835835836,-1.0199229458323473
3.5935935935935936,-0.37589617851590174
3.6036036036036037,0.33893544287096106
3.6136136136136137,0.13456872308869983
3.6236236236236237,0.49011009139565676
3.6336336336336337,0.5005754831956029
3.6436436436436437,1.3902170891733199
3.6536536536536537,1.0309980075285707
3.6636636636636637,0.7493786559853037
3.6736736736736737,0.8756195235580891
3.6836836836836837,0.6267826657285243
3.6936936936936937,0.24463845650635616
3.7037037037037037,-0.1209003952897209
3.7137137137137137,0.12911279640206297
3.7237237237237237,-0.04496536008433194
3.7337337337337337,-0.9785138333796688
3.7437437437437437,-0.7515995131573119
3.7537537537537538,-0.6137426803695625
3.7637637637637638,-0.814626856872486
3.7737737737737738,-0.3809557114327592
3.7837837837837838,-1.3735917464426741
3.793793793793794,-0.3794573452653881
3.803803803803804,-0.30639715674985313
3.813813813813814,0.5934711081274107
3.823823823823824,1.0199159889353133
3.833833833833834,1.388673821566663
3.843843843843844,0.6532050392403291
3.853853853853854,1.2460344565672932
3.863863863863864,0.28372389366467854
3.873873873873874,1.4890359378161322
3.883883883883884,-0.013337879271850428
3.893893893893894,-0.0027414330917458207
3.903903903903904,-0.8239764093721008
3.913913913913914,0.21087221519565175
3.923923923923924,-0.5985724932418117
3.933933933933934,-0.21282212438971138
3.943943943943944,-1.4283491356671951
3.953953953953954,-0.8045648823591223
3.963963963963964,-0.6920381643670614
3.973973973973974,-0.28071451011622667
3.983983983983984,-0.051308442147849354
3.993993993993994,-0.2799445459529711
4.004004004004004,0.5334632096390661
4.014014014014014,-0.03360172643089071
4.024024024024024,0.9922687559122725
4.034034034034034,0.6052198689377237
4.044044044044044,1.4821149570040655
4.054054054054054,1.4104685462333764
4.064064064064064,0.5786881265113417
4.074074074074074,0.7580555213024636
4.084084084084084,-0.37511062127277406
4.094094094094094,0.4538127115903682
4.104104104104104,-0.21208766387543157
4.114114114114114,-0.568523597161605
4.124124124124124,-0.322326720560658
4.134134134134134,-0.7302805613470583
4.1441441441441444,-1.1345521737690307
4.1541541541541545,-1.444222060789388
4.1641641641641645,-0.9196304866898908
4.1741741741741745,-0.943773799676632
4.1841841841841845,-0.11761989517014498
4.1941941941941945,0.033162432119063695
4.2042042042042045,-0.5074055393412464
4.2142142142142145,0.27935717459367415
4.2242242242242245,1.405031414995912
4.2342342342342345,1.1021773782837898
4.2442442442442445,0.8397285263046242
4.2542542542542545,1.0347315888552098
4.2642642642642645,0.8540695390231707
4.2742742742742745,1.3298628320994799
4.2842842842842845,0.6912434336327468
4.2942942942942945,0.8592504392934094
4.3043043043043046,-0.037968101159345125
4.314314314314315,-0.4471781325008416
4.324324324324325,-0.7869133716440104
4.334334334334335,-1.0722162549395748
4.344344344344345,-0.9976533546178421
4.354354354354355,-1.5917720483952116
4.364364364364365,-0.6958739925368178
4.374374374374375,-0.7445351647554922
4.384384384384385,-0.29436884000330077
4.394394394394395,-0.14954163403358867
4.404404404404405,-0.2135316847253406
4.414414414414415,0.1763445804985086
4.424424424424425,0.13844985156757617
4.434434434434435,0.41153885439401633
4.444444444444445,1.2923277358051402
4.454454454454455,0.736544841494277
4.464464464464465,1.215218562831086
4.474474474474475,0.8758830454955027
4.484484484484485,0.6031150192319628
4.494494494494495,0.3072696467116907
4.504504504504505,-0.6183967243563027
4.514514514514515,-0.6819901298825559
4.524524524524525,-0.7493188666309742
4.534534534534535,-1.1824634388079729
4.544544544544545,-0.9307171761876478
4.554554554554555,-1.2513443899472767
4.564564564564565,-0.9204564762492413
4.574574574574575,-1.18489457561936
4.584584584584585,-0.5577640063324748
4.594594594594595,-0.20946571796936608
4.604604604604605,-0.1516185657392184
4.614614614614615,0.31293374123715856
4.624624624624625,0.4494675531637818
4.634634634634635,0.5937935324452588
4.644644644644645,1.154497002725396
4.654654654654655,1.0083511950688853
4.664664664664665,0.6580890274901454
4.674674674674675,0.6136109778853873
4.684684684684685,0.8945605723930161
4.694694694694695,-0.01814942079494039
4.704704704704705,0.1996952397606888
4.714714714714715,-0.05185277362599716
4.724724724724725,-0.58475450120329
4.734734734734735,-1.6508244548556577
4.744744744744745,-1.7016512159062944
4.754754754754755,-0.733775625542345
4.764764764764765,-0.8927391057948554
4.774774774774775,-0.48344979431404556
4.784784784784785,-0.454670877206515
4.794794794794795,-0.06267347007136899
4.804804804804805,-0.12011472343518262
4.814814814814815,-0.008490005735853512
4.824824824824825,0.3971029263325151
4.834834834834835,0.7087366877019328
4.844844844844845,0.8517480657806721
4.854854854854855,1.347796027992263
4.864864864864865,0.21419054199876852
4.874874874874875,0.811063600885402
4.884884884884885,0.6110857638684641
4.894894894894895,0.32899129903488894
4.904904904904905,-0.16568748514719175
4.914914914914915,-0.9189482724405322
4.924924924924925,-0.9852989177886305
4.934934934934935,-0.48850143436102866
4.944944944944945,-0.8964317020394852
4.954954954954955,-1.0101445666876052
4.964964964964965,-0.6903202400513446
4.974974974974975,-1.2555012303033541
4.984984984984985,-0.2752519546269606
4.994994994994995,-0.1502607438881299
5.005005005005005,5.273488126257229
5.015015015015015,5.408733838332857
5.025025025025025,5.220066963879489
5.035035035035035,5.829708156597096
5.045045045045045,6.009927303397279
5.055055055055055,5.755148650677246
5.065065065065065,6.091000585504455
5.075075075075075,5.05639105519035
5.085085085085085,5.693362047188513
5.095095095095095,4.797637373124143
5.105105105105105,5.4799751911326755
5.115115115115115,4.336236895693968
5.125125125125125,4.384913124236694
5.135135135135135,4.062016425856774
5.145145145145145,4.352780324041683
5.155155155155155,3.87380154747843
5.165165165165165,4.658686603882842
5.175175175175175,4.494564572920815
5.185185185185185,4.430398373753916
5.195195195195195,5.019073260200015
5.205205205205205,5.253250941621981
5.215215215215215,5.394152603214766
5.225225225225225,6.309776048099753
5.235235235235235,6.0607821240075985
5.245245245245245,5.568456213164337
5.255255255255255,6.3320352067544174
5.265265265265265,5.6494799716686614
5.275275275275275,5.241376668481823
5.285285285285285,5.870887914724557
5.295295295295295,5.137681971339113
5.305305305305305,4.6653986595965975
5.315315315315315,4.210949353581644
5.325325325325325,4.245826434393699
5.335335335335335,3.712527606104893
5.345345345345345,3.679115743912981
5.355355355355355,4.347125860993469
5.365365365365365,4.000791246138016
5.375375375375375,4.26441729770694
5.385385385385385,4.457157788229173
5.395395395395395,5.335508460053736
5.405405405405405,5.239429963050638
5.415415415415415,5.330624805220727
5.425425425425425,6.285163162105256
5.435435435435435,5.9888514974843305
5.445445445445445,6.218683154777356
5.455455455455455,5.741191524149468
5.465465465465465,5.324009311743332
5.475475475475475,5.678639577706296
5.485485485485485,5.420106673428095
5.495495495495495,5.487695359290369
5.505505505505505,5.417467565805408
5.515515515515515,4.658119709866546
5.525525525525525,4.852600359504086
5.535535535535535,3.695275007102453
5.545545545545545,4.160699898381603
5.555555555555555,4.3382271557673135
5.565565565565565,4.22884186970931
5.575575575575575,4.3098983844616825
5.585585585585585,3.922229786045242
5.595595595595595,4.44832792158082
5.605605605605605,5.31619105783532
5.615615615615615,5.227829430908539
5.625625625625625,5.409246672071435
5.635635635635635,5.858959969312197
5.645645645645645,6.523912532811049
5.655655655655655,5.962486318108302
5.665665665665665,6.411463576912951
5.675675675675675,5.4539885110806345
5.685685685685685,5.738486714033688
5.6956956956956954,4.899861143360991
5.7057057057057055,4.3117418588304375
5.7157157157157155,4.705631650806581
5.7257257257257255,4.522870140837292
5.7357357357357355,4.239026740353395
5.7457457457457455,4.034003287378321
5.7557557557557555,4.425367805077619
5.7657657657657655,4.599479443119079
5.7757757757757755,4.132268291438206
5.7857857857857855,4.276008280311089
5.7957957957957955,5.337563999173036
5.8058058058058055,5.590575312740557
5.8158158158158155,5.580072967561813
5.8258258258258255,5.796436227975227
5.8358358358358355,5.790817543066014
5.8458458458458455,6.420679383688486
5.8558558558558556,5.616469587914642
5.865865865865866,5.932228383357782
5.875875875875876,5.303315419885154
5.885885885885886,5.408037737562989
5.895895895895896,5.783163582540288
5.905905905905906,4.639747491997859
5.915915915915916,4.137658522930629
5.925925925925926,4.652338258507492
5.935935935935936,4.335137661210595
5.945945945945946,4.483802334479958
5.955955955955956,3.9861152479718873
5.965965965965966,3.814496263739163
5.975975975975976,3.740908416528182
5.985985985985986,4.875942210661903
5.995995995995996,4.957925617647964
6.006006006006006,0.42639538261807847
6.016016016016016,-0.13609462485626322
6.026026026026026,0.5640301397616678
6.036036036036036,0.6480636685695618
6.046046046046046,1.173959638545234
6.056056056056056,1.4307059775751627
6.066066066066066,1.0767633719159788
6.076076076076076,0.421331218497659
6.086086086086086,0.10027603041790045
6.096096096096096,0.19564171918616255
6.106106106106106,-0.275361542893138
6.116116116116116,0.004129650289895814
6.126126126126126,-0.9566772519090474
6.136136136136136,-0.5685334075997797
6.146146146146146,-0.8809248725039536
6.156156156156156,-0.9368842926384262
6.166166166166166,-1.1244312557115217
6.176176176176176,-0.8509509606475308
6.186186186186186,-0.19515679364155408
6.196196196196196,0.051275440520157894
6.206206206206206,-0.06579847325290916
6.216216216216216,0.612005697792761
6.226226226226226,0.766794369100914
6.236236236236236,0.5176648974879225
6.246246246246246,0.7922149377631171
6.256256256256256,0.9819532824872397
6.266266266266266,1.0651422832703972
6.276276276276276,0.46626324743911607
6.286286286286286,0.5368991114877448
6.296296296296296,-0.12047412895857354
6.306306306306306,-0.1705655197175766
6.316316316316316,-0.45752688518116646
6.326326326326326,-1.1591083672212263
6.336336336336336,-1.3428316838075458
6.346346346346346,-1.6055609205781596
6.356356356356356,-0.9359114035283496
6.366366366366366,-0.7512533653659004
6.376376376376376,-0.6373901023224793
6.386386386386386,-0.5870267543516264
6.396396396396396,-0.9171225300309731
6.406406406406406,-0.30322718792698555
6.416416416416417,0.6546034447300354
6.426426426426427,0.6630296349439191
6.436436436436437,1.327152409198953
6.446446446446447,1.4153642105852622
6.456456456456457,1.094172120910909
6.466466466466467,0.647846327826123
6.476476476476477,1.0979192031108618
6.486486486486487,0.28592661037541905
6.496496496496497,0.45484118483907526
6.506506506506507,-0.6705022711305662
6.516516516516517,-0.40188072254708695
6.526526526526527,-0.7901938035738134
6.536536536536537,-0.9431386705804004
6.546546546546547,-0.8110212503867182
6.556556556556557,-0.6891258134423892
6.566566566566567,-1.2967086433753638
6.576576576576577,-0.6923235677962829
6.586586586586587,-0.09789900800019746
6.596596596596597,0.30962220329340456
6.606606606606607,0.13872478853547424
6.616616616616617,0.5832023117035918
6.626626626626627,0.2953121098792416
6.636636636636637,1.054245725353422
6.646646646646647,1.3024217874986612
6.656656656656657,0.6973770806620678
6.666666666666667,1.2880967663822838
6.676676676676677,0.3231474514664497
6.686686686686687,0.45174921403317325
6.696696696696697,0.5083747526920602
6.706706706706707,0.3121053568652631
6.716716716716717,-0.5292457910704186
6.726726726726727,-0.9514963884560101
6.736736736736737,-0.5841108235086622
6.746746746746747,-0.7517718029355837
6.756756756756757,-1.0994100511103793
6.766766766766767,-0.9743274625617246
6.776776776776777,-0.9252135035680722
6.786786786786787,-0.716544944806655
6.796796796796797,-0.11188785610523429
6.806806806806807,-0.4181622069278339
6.816816816816817,-0.1029105215712044
6.826826826826827,0.4833170221361119
6.836836836836837,0.9724748707307412
6.846846846846847,0.6051264142657637
6.856856856856857,0.9758831736989326
6.866866866866867,1.154318577630609
6.876876876876877,0.5172010931301878
6.886886886886887,0.37884494766616056
6.896896896896897,-0.20914713990097228
6.906906906906907,-0.44926846066838755
6.916916916916917,-0.6868761842602703
6.926926926926927,-0.910154154433297
6.936936936936937,-1.461039850021824
6.946946946946947,-1.0918277799601412
6.956956956956957,-1.2334686558418113
6.966966966966967,-0.9741391643891563
6.976976976976977,-0.2885486839241289
6.986986986986987,-0.5082008245496605
6.996996996996997,-0.30334995410676846
7.007007007007007,0.36106519596103337
7.017017017017017,0.6549391356660248
7.027027027027027,0.32317308252193827
7.037037037037037,0.7508994436232679
7.047047047047047,1.2613396701820823
7.057057057057057,0.8050015889604645
7.067067067067067,0.8171327648340851
7.077077077077077,0.7813885304597263
7.087087087087087,0.9135746928096711
7.097097097097097,-0.04963209685487109
7.107107107107107,-0.06740546839961878
7.117117117117117,-1.1557976801763088
7.127127127127127,-1.0168874978789075
7.137137137137137,-1.0489989570657257
7.147147147147147,-0.9087671461694231
7.157157157157157,-1.3695001279043237
7.167167167167167,-1.1378633138253715
7.177177177177177,-0.34724767285685115
7.187187187187187,-0.45828021973622124
7.197197197197197,-0.0794696851601828
7.207207207207207,0.7632661880162777
7.217217217217217,0.6817600567921389
7.227227227227227,0.5600139413328591
7.237237237237237,0.4230711167168419
7.247247247247247,0.756894284135764
7.257257257257257,1.413861644809797
7.267267267267267,0.7573913486073716
7.277277277277277,1.0244517356603406
7.287287287287287,0.8071124810146417
7.297297297297297,0.4573388325693579
7.307307307307307,0.02534013627062684
7.317317317317317,-0.27581322657703855
7.327327327327327,-1.035946403502436
7.337337337337337,-0.7649687421179784
7.347347347347347,-0.5112728796833758
7.357357357357357,-0.5784787679084606
7.367367367367367,-1.2262201822957415
7.377377377377377,-0.5570286514173951
7.387387387387387,-0.7066059080534165
7.397397397397397,0.70094681542341
7.407407407407407,0.35255469813602314
7.4174174174174174,0.2707612657590991
7.4274274274274275,0.6607363365049845
7.4374374374374375,1.1386960458251816
7.4474474474474475,1.1051046811214456
7.4574574574574575,0.8431381268467727
7.4674674674674675,1.4036293940079045
7.4774774774774775,0.9661922791676855
7.4874874874874875,0.05126389842709672
7.4974974974974975,-0.16299849974572655
7.5075075075075075,-0.3581833850646987
7.5175175175175175,-0.5009379585357852
7.5275275275275275,-0.6199876581549186
7.5375375375375375,-1.0387847376996384
7.5475475475475475,-0.8087347833550754
7.5575575575575575,-1.0295663904492705
7.5675675675675675,-0.5997714414302244
7.5775775775775776,-0.8515005246580803
7.587587587587588,-0.6225587362124436
7.597597597597598,-0.19809844901251178
7.607607607607608,0.2804678557935816
7.617617617617618,0.736076509810719
7.627627627627628,1.29659540432961
7.637637637637638,1.0181992042811396
7.647647647647648,0.6196551713021636
7.657657657657658,1.2626898109464073
7.667667667667668,0.8994188133590438
7.677677677677678,1.0821540302770667
7.687687687687688,0.6265165452235675
7.697697697697698,-0.013172967186126275
7.707707707707708,-0.13200974093116702
7.717717717717718,-0.4246992008839798
7.727727727727728,-0.7833077390678832
7.737737737737738,-0.4931340097618595
7.747747747747748,-0.7199380587894095
7.757757757757758,-1.1369797411051437
7.767767767767768,-0.8187530906015558
7.777777777777778,-0.7520736270775112
7.787787787787788,-0.4755588586844218
7.797797797797798,0.15697358127690725
7.807807807807808,0.43551966778801665
7.817817817817818,0.38799132692416183
7.827827827827828,0.28785544564778937
7.837837837837838,0.6084640582181534
7.847847847847848,0.800429715429184
7.857857857857858,0.5093418558844567
7.867867867867868,0.7517224000488205
7.877877877877878,1.1084518821955804
7.887887887887888,0.279416743901695
7.897897897897898,0.35390939282976397
7.907907907907908,-0.0581027009073192
7.917917917917918,-0.969547013071493
7.927927927927928,-0.8411133921359943
7.937937937937938,-1.3546202213469574
7.947947947947948,-0.7676787397920283
7.957957957957958,-1.2283636108614322
7.967967967967968,-0.4517878969576024
7.977977977977978,-0.14945920660005985
7.987987987987988,0.009222083389761104
7.997997997997998,-0.40667277837248245
8.008008008008009,0.18282940026365935
8.018018018018019,0.17636777399772896
8.028028028028029,0.9030312763108399
8.038038038038039,1.104224989307754
8.048048048048049,0.733955917552302
8.058058058058059,0.9132813474618907
8.068068068068069,0.9232966780814104
8.078078078078079,0.7384215631155229
8.088088088088089,0.5037724908924462
8.098098098098099,0.05683473748953059
8.108108108108109,-0.4654575615265354
8.118118118118119,-0.18036503279657806
8.128128128128129,-1.2300728517853554
8.138138138138139,-0.4714254636012511
8.148148148148149,-0.6450998017839739
8.158158158158159,-0.7380081476350819
8.168168168168169,-0.5617026720331759
8.178178178178179,-0.7524667769049754
8.188188188188189,-0.08905906562924631
8.198198198198199,-0.15556960294560881
8.208208208208209,0.40220711721215113
8.218218218218219,0.05813334016070182
8.228228228228229,0.6868072238032725
8.238238238238239,0.6350622895921118
8.248248248248249,0.9693613337244734
8.258258258258259,0.6013648942828692
8.268268268268269,1.0013723282846057
8.278278278278279,1.031732374700695
8.288288288288289,0.7492845799209011
8.298298298298299,0.12348799911237962
8.308308308308309,-0.6445142169793459
8.318318318318319,-0.5629804041723475
8.328328328328329,-0.8298295254365161
8.338338338338339,-0.6100467566885235
8.348348348348349,-1.6526012595559512
8.358358358358359,-0.27007348751701465
8.368368368368369,-0.6894936418210083
8.378378378378379,0.26383375604921055
8.388388388388389,0.08200986209914851
8.398398398398399,0.1207937141577855
8.408408408408409,0.5590554237709465
8.418418418418419,0.5580438358846447
8.428428428428429,0.5708725958428148
8.438438438438439,1.1199113772087201
8.448448448448449,0.44767708984689214
8.458458458458459,1.0163113792740108
8.468468468468469,0.872220238647352
8.478478478478479,0.6163016855520866
8.488488488488489,-0.16967430337079792
8.498498498498499,0.0832225657882194
8.508508508508509,-0.22880837424376155
8.518518518518519,-0.8146855999430507
8.528528528528529,-0.6942284613497675
8.538538538538539,-0.6579886978288125
8.548548548548549,-0.9513766154756887
8.558558558558559,-0.9434741328026727
8.568568568568569,-1.0819128896488446
8.578578578578579,-0.8738484236029032
8.588588588588589,-0.4102868683259455
8.598598598598599,-0.026097235893479422
8.608608608608609,0.06974227897885105
8.618618618618619,0.45435721823988495
8.62862862862863,1.1919717001368626
8.63863863863864,0.8550195787091117
8.64864864864865,1.1933578766698654
8.65865865865866,1.3451107035826468
8.66866866866867,0.21437511475448467
8.67867867867868,1.0804158869326936
8.68868868868869,0.6302885503159924
8.6986986986987,0.124717676162865
8.70870870870871,0.011375495356897636
8.71871871871872,-0.5140239572697713
8.72872872872873,-1.1042357741997615
8.73873873873874,-1.348401402747217
8.74874874874875,-1.2111263417470937
8.75875875875876,-0.4242354395383242
8.76876876876877,-0.5087562390413162
8.77877877877878,-0.4253870621870176
8.78878878878879,-0.49764411522187474
8.7987987987988,-0.11353414815708478
8.80880880880881,-0.06549323260779738
8.81881881881882,0.12815825597074626
8.82882882882883,0.8237662494259891
8.83883883883884,1.013482956801327
8.84884884884885,1.0965348150388843
8.85885885885886,1.048076129357124
8.86886886886887,1.2175380495922699
8.87887887887888,0.9227163295802426
8.88888888888889,0.2513492813314842
8.8988988988989,-0.14535699446119138
8.90890890890891,-0.11407621304484655
8.91891891891892,-0.5688642440143021
8.92892892892893,-0.9750872104130768
8.93893893893894,-1.2817183161729127
8.94894894894895,-0.5395241959197368
8.95895895895896,-0.8179699353882799
8.96896896896897,-0.643168818042095
8.97897897897898,-1.11094895142844
8.98898898898899,-0.504701241199365
8.998998998999,-0.20287148966758267
9.00900900900901,-3.4857923422255883
9.01901901901902,-2.7274108498684195
9.02902902902903,-3.323316158839459
9.03903903903904,-2.840422155397375
9.04904904904905,-2.808103553549103
9.05905905905906,-3.261344153110981
9.06906906906907,-3.1718060599171096
9.07907907907908,-3.348921745939042
9.08908908908909,-3.7307169891056176
9.0990990990991,-4.1439257549666335
9.10910910910911,-4.4109385745791
9.11911911911912,-4.0199126650594685
9.12912912912913,-4.597472202388324
9.13913913913914,-4.8723571645756945
9.14914914914915,-5.209344084562772
9.15915915915916,-4.79991168937063
9.16916916916917,-5.506524867940547
9.17917917917918,-4.838651458057864
9.18918918918919,-4.871570710725772
9.1991991991992,-4.066916315265456
9.20920920920921,-4.08964997034092
9.21921921921922,-3.790395195997397
9.22922922922923,-2.8747939067084323
9.23923923923924,-2.924391875909781
9.24924924924925,-3.1932337198614147
9.25925925925926,-2.595064863453028
9.26926926926927,-3.2884020058198034
9.27927927927928,-3.059693705517075
9.28928928928929,-3.385342873392595
9.2992992992993,-3.8105289091139047
9.30930930930931,-4.577579002477634
9.31931931931932,-4.585180794379195
9.32932932932933,-5.784105796731961
9.33933933933934,-4.882199376307634
9.34934934934935,-4.381977130210257
9.35935935935936,-5.154055727090884
9.36936936936937,-5.177614147106042
9.37937937937938,-4.769357980554814
9.38938938938939,-4.267029510961038
9.3993993993994,-3.9117224762737455
9.40940940940941,-3.83041761052965
9.41941941941942,-3.0314838456069855
9.42942942942943,-3.5239005695135868
9.43943943943944,-3.3820786110765226
9.44944944944945,-3.5226805691593293
9.45945945945946,-3.1016612040100577
9.46946946946947,-3.918483585251514
9.47947947947948,-3.1815796427451786
9.48948948948949,-4.1963484300512945
9.4994994994995,-3.6026306295669714
9.50950950950951,-0.8402837236877296
9.51951951951952,-0.8449990599818069
9.52952952952953,-0.924596464305919
9.53953953953954,-0.9957789650858087
9.54954954954955,-0.9650072848089183
9.55955955955956,-0.7265748187957323
9.56956956956957,-1.044549670727076
9.57957957957958,-0.7338024483010495
9.58958958958959,-0.3364300724762266
9.5995995995996,0.23200590518387215
9.60960960960961,0.6683985307644409
9.61961961961962,0.5815670367745533
9.62962962962963,0.9921555316716809
9.63963963963964,0.17250599515033826
9.64964964964965,1.0424835932023142
9.65965965965966,0.6694198534814941
9.66966966966967,0.9381767397898911
9.67967967967968,0.45616155475565306
9.68968968968969,0.5763264637868657
9.6996996996997,-0.6818805105253187
9.70970970970971,0.1052054039419335
9.71971971971972,-0.79851069816553
9.72972972972973,-0.43922948866119554
9.73973973973974,-1.1466002237798314
9.74974974974975,-0.5536674901982503
9.75975975975976,-0.6093769910635418
9.76976976976977,-1.1217350395247287
9.77977977977978,-0.9265376776930364
9.78978978978979,0.1262862611212735
9.7997997997998,0.08335858185626513
9.80980980980981,0.049923599220331905
9.81981981981982,0.8933220903745649
9.82982982982983,1.0387680245428468
9.83983983983984,0.6663964703794092
9.84984984984985,0.832838660107922
9.85985985985986,1.018401275994279
9.86986986986987,0.6374911252355266
9.87987987987988,0.764334492428291
9.88988988988989,0.7990978860377606
9.8998998998999,-0.13310039917544036
9.90990990990991,-0.11535133610722062
9.91991991991992,-0.6503169341420956
9.92992992992993,-0.5235292566320491
9.93993993993994,-0.9475859022251863
9.94994994994995,-0.909827391418412
9.95995995995996,-0.932946323069039
9.96996996996997,-0.43887333459169053
9.97997997997998,-0.5057219595747919
9.98998998998999,-0.10354577344257176
10.0,0.14224448250161933
